Date,Open,High,Low,Close,Volume
2025-09-18,99.8,101.2,98.8,100.0,1040000
2025-09-19,100.5124,101.9224,99.5053,100.7139,1067813
2025-09-22,101.2022,102.6219,100.1882,101.405,1094518
2025-09-23,101.8481,103.2768,100.8275,102.0522,1119049
2025-09-24,102.4312,103.8681,101.4048,102.6364,1140429
2025-09-25,102.9364,104.3804,101.905,103.1427,1157805
2025-09-26,103.3533,104.8031,102.3176,103.5604,1170485
2025-09-29,103.676,105.1304,102.6372,103.8838,1177962
2025-09-30,103.9045,105.3621,102.8634,104.1127,1179940
2025-10-01,104.0435,105.503,103.001,104.252,1176338
2025-10-02,104.1026,105.563,103.0595,104.3112,1167301
2025-10-03,104.0955,105.5557,103.0524,104.3041,1153189
2025-10-06,104.0388,105.4982,102.9963,104.2473,1134564
2025-10-07,103.951,105.4092,102.9094,104.1593,1112170
2025-10-08,103.8512,105.308,102.8106,104.0593,1086898
2025-10-09,103.7578,105.2133,102.7182,103.9657,1059756
2025-10-10,103.6873,105.1418,102.6484,103.8951,1031827
2025-10-13,103.6531,105.1072,102.6145,103.8608,1004224
2025-10-14,103.6647,105.1189,102.6259,103.8724,978047
2025-10-15,103.727,105.1821,102.6876,103.9349,954339
2025-10-16,103.8402,105.2969,102.7997,104.0483,934047
2025-10-17,103.9996,105.4586,102.9576,104.2081,917979
2025-10-20,104.1963,105.6579,103.1522,104.4051,906775
2025-10-21,104.4172,105.882,103.371,104.6265,900883
2025-10-22,104.6468,106.1148,103.5982,104.8565,900536
2025-10-23,104.8676,106.3387,103.8169,105.0778,905750
2025-10-24,105.0618,106.5357,104.0091,105.2724,916316
2025-10-27,105.2123,106.6883,104.1581,105.4232,931812
2025-10-28,105.3042,106.7814,104.249,105.5152,951622
2025-10-29,105.3255,106.803,104.2701,105.5365,974955
2025-10-30,105.2685,106.7452,104.2137,105.4795,1000881
2025-10-31,105.1304,106.6051,104.077,105.341,1028367
2025-11-03,104.9131,106.3848,103.8618,105.1233,1056316
2025-11-04,104.6239,106.0916,103.5756,104.8336,1083615
2025-11-05,104.2748,105.7376,103.23,104.4838,1109175
2025-11-06,103.882,105.3393,102.8411,104.0902,1131978
2025-11-07,103.465,104.9164,102.4282,103.6723,1151113
2025-11-10,103.0451,104.4906,102.0126,103.2516,1165819
2025-11-11,102.645,104.0849,101.6165,102.8507,1175508
2025-11-12,102.2864,103.7213,101.2615,102.4914,1179796
2025-11-13,101.9897,103.4204,100.9678,102.1941,1178510
2025-11-14,101.772,103.1997,100.7522,101.976,1171702
2025-11-17,101.6465,103.0724,100.628,101.8502,1159643
2025-11-18,101.6216,103.0472,100.6034,101.8253,1142815
2025-11-19,101.7006,103.1273,100.6816,101.9044,1121888
2025-11-20,101.8813,103.3105,100.8604,102.0855,1097696
2025-11-21,102.1563,103.5893,101.1327,102.361,1071204
2025-11-24,102.5136,103.9517,101.4865,102.7191,1043468
2025-11-25,102.9375,104.3815,101.9061,103.1438,1015594
2025-11-26,103.4092,104.8598,102.373,103.6164,988692
2025-11-27,103.9085,105.3661,102.8673,104.1167,963837
2025-11-28,104.4149,105.8796,103.3686,104.6241,942017
2025-12-01,104.9088,106.3805,103.8576,105.1191,924104
2025-12-02,105.3731,106.8513,104.3173,105.5843,910811
2025-12-03,105.7938,107.2779,104.7337,106.0058,902668
2025-12-04,106.161,107.6503,105.0973,106.3738,900001
2025-12-05,106.4697,107.9633,105.4029,106.6831,902915
2025-12-08,106.7196,108.2167,105.6503,106.9335,911294
2025-12-09,106.9154,108.4152,105.8441,107.1296,924803
2025-12-10,107.066,108.5679,105.9932,107.2805,942906
2025-12-11,107.1841,108.6877,106.1101,107.3989,964879
2025-12-12,107.2852,108.7902,106.2102,107.5002,989847
2025-12-15,107.3861,108.8926,106.3101,107.6013,1016815
2025-12-16,107.5041,109.0122,106.4269,107.7196,1044707
2025-12-17,107.6554,109.1656,106.5767,107.8712,1072411
2025-12-18,107.8541,109.367,106.7734,108.0702,1098823
2025-12-19,108.1108,109.6274,107.0275,108.3274,1122890
2025-12-22,108.4322,109.9533,107.3457,108.6495,1143652
2025-12-23,108.8202,110.3468,107.7298,109.0383,1160282
2025-12-24,109.2718,110.8047,108.1769,109.4908,1172117
2025-12-25,109.7789,111.3189,108.679,109.9989,1178685
2025-12-26,110.3291,111.8768,109.2236,110.5502,1179723
2025-12-29,110.906,112.4618,109.7947,111.1282,1175192
2025-12-30,111.4903,113.0543,110.3732,111.7137,1165270
2025-12-31,112.0612,113.6332,110.9383,112.2858,1150355
2026-01-01,112.5972,114.1767,111.469,112.8229,1131040
2026-01-02,113.0779,114.6642,111.9449,113.3045,1108095
2026-01-05,113.485,115.0769,112.3478,113.7124,1082436
2026-01-06,113.8034,115.3998,112.6631,114.0315,1055085
2026-01-07,114.0224,115.622,112.8799,114.2509,1027133
2026-01-08,114.1363,115.7375,112.9927,114.3651,999693
2026-01-09,114.1447,115.7459,113.0009,114.3734,973860
2026-01-12,114.0523,115.6522,112.9095,114.2809,950665
2026-01-13,113.8693,115.4666,112.7283,114.0975,931030
2026-01-14,113.6101,115.2038,112.4717,113.8377,915740
2026-01-15,113.2927,114.882,112.1575,113.5198,905404
2026-01-16,112.9379,114.5222,111.8062,113.1642,900433
2026-01-19,112.5672,114.1463,111.4393,112.7928,901027
2026-01-20,112.2024,113.7764,111.0781,112.4272,907161
2026-01-21,111.8637,113.4329,110.7428,112.0879,918591
2026-01-22,111.5687,113.1338,110.4508,111.7923,934861
2026-01-23,111.3316,112.8934,110.216,111.5547,955323
2026-01-26,111.1618,112.7212,110.0479,111.3846,979160
2026-01-27,111.064,112.6221,109.9512,111.2866,1005423
2026-01-28,111.038,112.5956,109.9254,111.2605,1033065
2026-01-29,111.0784,112.6366,109.9654,111.301,1060982
2026-01-30,111.1756,112.7352,110.0616,111.3984,1088064
2026-02-02,111.3164,112.8779,110.201,111.5395,1113229
2026-02-03,111.485,113.0489,110.3679,111.7084,1135474
2026-02-04,111.6642,113.2306,110.5453,111.888,1153914
2026-02-05,111.8366,113.4055,110.716,112.0608,1167812
2026-02-06,111.9862,113.5571,110.8641,112.2106,1176614
2026-02-09,112.0989,113.6715,110.9757,112.3236,1179971
2026-02-10,112.1645,113.7379,111.0406,112.3892,1177746
2026-02-11,112.1765,113.7501,111.0525,112.4013,1170031
2026-02-12,112.1333,113.7063,111.0098,112.358,1157131
2026-02-13,112.0383,113.61,110.9157,112.2629,1139562
2026-02-16,111.8995,113.4692,110.7783,112.1237,1118024
2026-02-17,111.7291,113.2965,110.6096,111.953,1093375
2026-02-18,111.5431,113.1078,110.4254,111.7666,1066598
2026-02-19,111.3598,112.922,110.244,111.583,1038760
2026-02-20,111.1991,112.759,110.0849,111.4219,1010972
2026-02-23,111.0806,112.6389,109.9676,111.3033,984342
2026-02-24,111.0232,112.5806,109.9107,111.2457,959930
2026-02-25,111.0428,112.6005,109.9301,111.2653,938710
2026-02-26,111.152,112.7113,110.0383,111.3748,921529
2026-02-27,111.3591,112.9212,110.2433,111.5823,909070
2026-03-02,111.667,113.2335,110.5481,111.8908,901831
2026-03-03,112.0736,113.6458,110.9506,112.2982,900101
2026-03-04,112.5713,114.1505,111.4433,112.7969,903948
2026-03-05,113.1478,114.735,112.014,113.3745,913219
2026-03-06,113.7864,115.3826,112.6463,114.0144,927544
2026-03-09,114.4674,116.0731,113.3204,114.6968,946352
2026-03-10,115.1688,116.7844,114.0148,115.3996,968894
2026-03-11,115.868,117.4934,114.707,116.1002,994271
2026-03-12,116.5429,118.1778,115.3751,116.7765,1021470
2026-03-13,117.1731,118.8169,115.9991,117.408,1049409
2026-03-16,117.7415,119.3932,116.5617,117.9775,1076972
2026-03-17,118.2347,119.8934,117.05,118.4717,1103061
2026-03-18,118.6443,120.3086,117.4555,118.8821,1126636
2026-03-19,118.9667,120.6356,117.7746,119.2051,1146758
2026-03-20,119.2037,120.8759,118.0093,119.4426,1162623
2026-03-23,119.362,121.0365,118.166,119.6012,1173599
2026-03-24,119.4527,121.1284,118.2558,119.6921,1179250
2026-03-25,119.4903,121.1665,118.293,119.7297,1179349
2026-03-26,119.4917,121.168,118.2944,119.7312,1173892
2026-03-27,119.4753,121.1513,118.2781,119.7147,1163098
2026-03-30,119.459,121.1348,118.262,119.6984,1147396
2026-03-31,119.4598,121.1356,118.2628,119.6992,1127412
2026-04-01,119.4918,121.1681,118.2945,119.7313,1103944
2026-04-02,119.5659,121.2432,118.3679,119.8055,1077926
2026-04-03,119.6886,121.3676,118.4893,119.9285,1050397
2026-04-06,119.8617,121.5431,118.6606,120.1019,1022453
2026-04-07,120.082,121.7666,118.8788,120.3227,995208
2026-04-08,120.3421,122.0303,119.1363,120.5833,969749
2026-04-09,120.6301,122.3223,119.4214,120.8718,947091
2026-04-10,120.9308,122.6273,119.7191,121.1732,928136
2026-04-13,121.227,122.9276,120.0123,121.4699,913642
2026-04-14,121.5,123.2045,120.2826,121.7435,904185
2026-04-15,121.7318,123.4394,120.512,121.9757,900142
2026-04-16,121.9053,123.6154,120.6838,122.1496,901675
2026-04-17,122.0066,123.7182,120.7841,122.2511,908723
2026-04-20,122.0253,123.7371,120.8026,122.2699,921004
2026-04-21,121.9556,123.6664,120.7336,122.2,938029
2026-04-22,121.7964,123.505,120.576,122.0405,959119
2026-04-23,121.5524,123.2575,120.3344,121.796,983434
2026-04-24,121.2329,122.9336,120.0181,121.4758,1010004
2026-04-27,120.852,122.5474,119.6411,121.0942,1037770
2026-04-28,120.4278,122.1171,119.2211,120.6691,1065625
2026-04-29,119.9808,121.6639,118.7786,120.2213,1092458
2026-04-30,119.5337,121.2105,118.3359,119.7732,1117199
2026-05-01,119.1089,120.7798,117.9154,119.3476,1138863
2026-05-04,118.7283,120.3938,117.5386,118.9662,1156586
2026-05-05,118.4112,120.0722,117.2247,118.6485,1169661
2026-05-06,118.1735,119.8312,116.9894,118.4103,1177566
2026-05-07,118.0269,119.6826,116.8443,118.2635,1179987
2026-05-08,117.9781,119.6331,116.796,118.2146,1176827
2026-05-11,118.0285,119.6842,116.8458,118.265,1168213
2026-05-12,118.174,119.8318,116.9899,118.4108,1154487
2026-05-13,118.4059,120.0669,117.2195,118.6432,1136196
2026-05-14,118.7111,120.3764,117.5216,118.949,1114071
2026-05-15,119.0731,120.7435,117.88,119.3118,1088993
2026-05-18,119.4732,121.1492,118.2761,119.7127,1061961
2026-05-19,119.8918,121.5736,118.6904,120.132,1034054
2026-05-20,120.3094,121.9971,119.1039,120.5505,1006384
2026-05-21,120.7085,122.4018,119.4989,120.9504,980054
2026-05-22,121.0739,122.7723,119.8607,121.3165,956114
2026-05-25,121.3945,123.0974,120.1781,121.6378,935518
2026-05-26,121.6634,123.3701,120.4443,121.9072,919087
2026-05-27,121.8785,123.5882,120.6572,122.1227,907477
2026-05-28,122.0426,123.7546,120.8197,122.2871,901150
2026-05-29,122.163,123.8767,120.9389,122.4078,900359
2026-06-01,122.2512,123.9662,121.0263,122.4962,905135
2026-06-02,122.3218,124.0377,121.0961,122.5669,915287
2026-06-03,122.3913,124.1082,121.1649,122.6365,930411
2026-06-04,122.4772,124.1954,121.25,122.7227,949904
2026-06-05,122.5968,124.3166,121.3684,122.8425,972989
2026-06-08,122.7655,124.4876,121.5353,123.0115,998745
2026-06-09,122.9958,124.7212,121.7633,123.2423,1026147
2026-06-10,123.2966,125.0262,122.0611,123.5437,1054100
2026-06-11,123.6721,125.407,122.4329,123.92,1081491
2026-06-12,124.1218,125.863,122.8781,124.3706,1107228
2026-06-15,124.6398,126.3883,123.3909,124.8896,1130285
2026-06-16,125.2156,126.9721,123.9609,125.4665,1149743
2026-06-17,125.8342,127.5994,124.5733,126.0864,1164825
2026-06-18,126.4772,128.2514,125.2099,126.7307,1174931
2026-06-19,127.1239,128.9072,125.8501,127.3786,1179658
2026-06-22,127.7522,129.5443,126.4721,128.0082,1178816
2026-06-23,128.3403,130.1407,127.0544,128.5975,1172441
2026-06-24,128.868,130.6758,127.5767,129.1262,1160786
2026-06-25,129.3175,131.1315,128.0217,129.5766,1144315
2026-06-26,129.6749,131.4939,128.3755,129.9347,1123686
2026-06-29,129.9309,131.7536,128.629,130.1913,1099720
2026-06-30,130.0814,131.9062,128.778,130.3421,1073374
2026-07-01,130.1278,131.9532,128.8239,130.3885,1045697
2026-07-02,130.0764,131.9011,128.773,130.3371,1017792
2026-07-03,129.9387,131.7615,128.6368,130.1991,990773
2026-07-06,129.7303,131.5501,128.4304,129.9903,965717
2026-07-07,129.4696,131.2858,128.1723,129.729,943622
2026-07-08,129.1772,130.9893,127.8828,129.4361,925369
2026-07-09,128.8742,130.6821,127.5829,129.1325,911686
2026-07-10,128.5812,130.385,127.2928,128.8389,903119
2026-07-13,128.3167,130.1167,127.0309,128.5738,900009
2026-07-14,128.0961,129.893,126.8125,128.3528,902479
2026-07-15,127.9309,129.7255,126.649,128.1872,910432
2026-07-16,127.828,129.6211,126.5471,128.0841,923551
2026-07-17,127.7893,129.5819,126.5089,128.0454,941312
2026-07-20,127.8119,129.6049,126.5313,128.0681,963007
2026-07-21,127.8883,129.6823,126.6068,128.1446,987772
2026-07-22,128.0068,129.8025,126.7241,128.2633,1014619
2026-07-23,128.1528,129.9506,126.8687,128.4097,1042478
2026-07-24,128.31,130.1099,127.0243,128.5671,1070238
2026-07-27,128.4609,130.2629,127.1737,128.7183,1096792
2026-07-28,128.589,130.3928,127.3005,128.8467,1121082
2026-07-29,128.6794,130.4845,127.39,128.9372,1142140
2026-07-30,128.7201,130.5258,127.4304,128.9781,1159126
2026-07-31,128.7032,130.5087,127.4136,128.9612,1171363
2026-08-03,128.6251,130.4295,127.3363,128.8829,1178362
2026-08-04,128.4872,130.2896,127.1998,128.7447,1179846
2026-08-05,128.2957,130.0954,127.0102,128.5528,1175754
2026-08-06,128.0615,129.858,126.7783,128.3181,1166250
2026-08-07,127.7996,129.5923,126.519,128.0557,1151713
2026-08-10,127.5279,129.3168,126.25,127.7834,1132722
2026-08-11,127.2665,129.0518,125.9913,127.5215,1110035
2026-08-12,127.0363,128.8184,125.7634,127.2909,1084555
2026-08-13,126.8575,128.637,125.5864,127.1117,1057300
2026-08-14,126.7486,128.5266,125.4785,127.0026,1029354
2026-08-17,126.7249,128.5026,125.4551,126.9789,1001833
2026-08-18,126.798,128.5767,125.5274,127.0521,975834
2026-08-19,126.9743,128.7555,125.702,127.2287,952393
2026-08-20,127.2552,129.0404,125.9801,127.5103,932444
2026-08-21,127.6368,129.4273,126.3579,127.8926,916783
2026-08-24,128.1097,129.9069,126.8261,128.3665,906034
2026-08-25,128.6602,130.4651,127.371,128.918,900627
2026-08-26,129.2705,131.0839,127.9752,129.5296,900775
2026-08-27,129.9202,131.7428,128.6184,130.1806,906474
2026-08-28,130.5873,132.4192,129.2789,130.849,917496
2026-08-31,131.2496,133.0908,129.9345,131.5127,933402
2026-09-01,131.886,133.7361,130.5645,132.1503,953558
2026-09-02,132.4776,134.336,131.1502,132.7431,977160
2026-09-03,133.0092,134.8751,131.6765,133.2758,1003267
2026-09-04,133.4697,135.342,132.1324,133.7372,1030839
2026-09-07,133.8529,135.7306,132.5117,134.1211,1058775
2026-09-08,134.1576,136.0396,132.8134,134.4265,1085963
2026-09-09,134.3879,136.2731,133.0413,134.6572,1111319
2026-09-10,134.5522,136.4397,133.204,134.8218,1133832
2026-09-11,134.663,136.552,133.3136,134.9328,1152603
2026-09-14,134.7356,136.6257,133.3856,135.0056,1166886
2026-09-15,134.7873,136.6781,133.4367,135.0574,1176110
2026-09-16,134.8358,136.7273,133.4847,135.106,1179907
2026-09-17,134.898,136.7904,133.5463,135.1683,1178127
2026-09-18,134.989,136.8826,133.6364,135.2595,1170841
2026-09-21,135.1206,137.0161,133.7667,135.3914,1158338
2026-09-22,135.301,137.199,133.9453,135.5721,1141117
2026-09-23,135.5335,137.4348,134.1755,135.8051,1119865
2026-09-24,135.8169,137.7221,134.456,136.089,1095429
2026-09-25,136.1448,138.0547,134.7807,136.4177,1068783
2026-09-28,136.5069,138.4218,135.1391,136.7804,1040990
2026-09-29,136.8886,138.8089,135.5169,137.1629,1013157
2026-09-30,137.2728,139.1985,135.8973,137.5479,986395
2026-10-01,137.6406,139.5714,136.2614,137.9164,961769
2026-10-02,137.9726,139.9081,136.5902,138.2491,940262
2026-10-05,138.2505,140.1899,136.8652,138.5275,922732
2026-10-06,138.4577,140.4,137.0704,138.7352,909876
2026-10-07,138.5813,140.5253,137.1927,138.859,902208
2026-10-08,138.6122,140.5566,137.2233,138.89,900034
2026-10-09,138.5464,140.49,137.1582,138.8241,903439
2026-10-12,138.3852,140.3265,136.9986,138.6626,912289
2026-10-13,138.135,140.0728,136.7509,138.4118,926230
2026-10-14,137.8073,139.7404,136.4264,138.0834,944707

